﻿<?xml version="1.0" encoding="utf-8"?><meta xmlns:xsi="http://www.w3.org/2001/XMLSchema-instance" xmlns:xsd="http://www.w3.org/2001/XMLSchema"><project id="5oH56POO8aj" courseid="6AQ20cWviWJ_course_id" thumburl="story_content/thumbnail.jpg" title="RECONOCIMIENTO AREA DE TRABAJO" datepublished="2019-11-22T00:04:12" version="1.0.0.0" flashdata="story_content/data.swf" html5data="mobile/data.json" mobiledata="mobile/data.gz" enabledownload="false" duration="Acerca de 59 segundos" totalaudio="1044" totalvideo="3654"><description>Instrucciones de acceso y reconocimiento del área de trabajo</description><keywords /><slidemeta moniker="diapositiva" monikerplural="diapositivas" viewslides="12" slidecountdescription="12 diapositivas" /><author name="JULIO CESAR" email="jcbonillapardo@gmail.com" website="https://kmsolutionsas.com/" /><application name="Articulate Storyline" version="3.34.20804.0" xmlversion="4.0" /></project></meta>