﻿<?xml version="1.0" encoding="utf-8"?><meta xmlns:xsi="http://www.w3.org/2001/XMLSchema-instance" xmlns:xsd="http://www.w3.org/2001/XMLSchema"><project id="6HOr8p66idY" courseid="6APvjQ472W5_course_id" thumburl="story_content/thumbnail.jpg" title="CREAR Y ACTUALIZAR AUDITORÍAS" datepublished="2019-11-19T11:00:22" version="1.0.0.0" flashdata="story_content/data.swf" html5data="mobile/data.json" mobiledata="mobile/data.gz" enabledownload="false" duration="Acerca de 7 minutos" totalaudio="16140" totalvideo="14774"><description>Intructivo para crear y actualizar auditorías software PVP de AES</description><keywords /><slidemeta moniker="diapositiva" monikerplural="diapositivas" viewslides="80" slidecountdescription="80 diapositivas" /><author name="KM SOLUTIONs" email="jcbonillapardo@gmail.com" website="https://kmsolutionsas.com/" /><application name="Articulate Storyline" version="3.33.20697.0" xmlversion="4.0" /></project></meta>